<?xml version="1.0"?>
<themes>
	<window>
		<payinsure_default icon_point="4,4">
			<canvas normal="0xff54ae04" image="./MainFrame/Image/background_mainwnd.jpg" fill="0"/>
			<border normal="0xff638c39" width="0" inner="0xffffffff"/>
			<font face="微软雅黑,tahoma,宋体" color="0x00b5e513" size="9" bold="0" italic="0" underline="0"/>
			<shadow border="5,3,5,7" image="./window_shadow.png"/>
			<caption height="1000" color="0xffffffff"/>
			<system_button offset_pos="6" cap="1" top="0">
				<close width="0" height="0" image="./MainFrame/Image/sys_button_close.png"/>
				<min width="0" height="0" image="./MainFrame/Image/sys_button_min.png"/>
			</system_button>
		</payinsure_default>
		<payinsure_tips icon_point="4,4">
			<canvas normal="0xff54ae04" image="./MainFrame/Image/background_mainwnd.jpg" fill="0"/>
			<border normal="0xff638c39" width="0" inner="0xffffffff"/>
			<font face="微软雅黑,tahoma,宋体" color="0x00b5e513" size="9" bold="0" italic="0" underline="0"/>
			<shadow border="5,-3,5,7" image="./window_shadow.png"/>
			<caption height="0" color="0xffffffff"/>
			<system_button offset_pos="6" cap="1" top="0">
				<close width="0" height="0" image="./MainFrame/Image/sys_button_close.png"/>
			</system_button>
		</payinsure_tips>
		<payinsure_balloon icon_point="4,4">
			<canvas normal="0x00000000" image="" fill="0"/>
			<border normal="0xff638c39" width="0" inner="0xffffffff"/>
			<font face="微软雅黑,tahoma,宋体" color="0x00b5e513" size="9" bold="0" italic="0" underline="0"/>
			<caption height="0" color="0xffffffff"/>
			<shadow border="0,0,0,0" image="./window_shadow.png"/>
			<system_button offset_pos="6" cap="1" top="0">
				<close width="0" height="0" image="./MainFrame/Image/sys_button_close.png"/>
			</system_button>
		</payinsure_balloon>
		<payinsure_balloon_move icon_point="4,4">
			<canvas normal="0x00000000" image="" fill="0"/>
			<border normal="0xff638c39" width="0" inner="0xffffffff"/>
			<font face="微软雅黑,tahoma,宋体" color="0x00b5e513" size="9" bold="0" italic="0" underline="0"/>
			<caption height="200" color="0xffffffff"/>
			<shadow border="0,0,0,0" image="./window_shadow.png"/>
			<system_button offset_pos="6" cap="1" top="0">
				<close width="0" height="0" image="./MainFrame/Image/sys_button_close.png"/>
			</system_button>
		</payinsure_balloon_move>
		<payinsure_dialog icon_point="4,4">
			<canvas normal="0x00000000" image="" fill="0"/>
			<border normal="0xff638c39" width="0" inner="0xffffffff"/>
			<font face="微软雅黑,tahoma,宋体" color="0x00b5e513" size="9" bold="0" italic="0" underline="0"/>
			<caption height="100" color="0xffffffff"/>
			<shadow border="0,0,0,0" image="./window_shadow.png"/>
			<system_button offset_pos="6" cap="1" top="0">
				<close width="0" height="0" image="./MainFrame/Image/sys_button_close.png"/>
			</system_button>
		</payinsure_dialog>
	</window>
	<button>
		<payinsure_default>
			<canvas normal="0xff808080" shine="0xffebecee"/>
			<border normal="0xffb1b8bb" width="0" inner="0xff000000"/>
			<font face="微软雅黑,tahoma,宋体" color="0x00000000" size="9" bold="0" italic="0" underline="0"/>
		</payinsure_default>
		<button_payinsure_checkradio>
			<canvas normal="0xff66c45b" shine="0xffe8e8e8" disable_color="0xff999999"/>
			<border normal="0xffc3c3c3" width="1" inner="0xffd9d9d9"/>
			<font face="微软雅黑,tahoma,宋体" color="0x00474747" size="9" bold="0" italic="0" underline="0"/>
		</button_payinsure_checkradio>
		<button_payinsure_gray>
			<canvas normal="0xffffffff" shine="0xffffffff"/>
			<border normal="0xffffffff" width="1" inner="0xffffffff"/>
			<font face="微软雅黑,tahoma,宋体" color="0x00555555" size="9" bold="0" italic="0" underline="0"/>
		</button_payinsure_gray>
		<button_payinsure_white>
			<canvas normal="0xffffffff" shine="0xffffffff"/>
			<border normal="0xffffffff" width="1" inner="0xffffffff"/>
			<font face="微软雅黑,tahoma,宋体" color="0x00ffffff" size="9" bold="0" italic="0" underline="0"/>
		</button_payinsure_white>
		<button_payinsure_white_10_bold>
			<canvas normal="0xffffffff" shine="0xffffffff"/>
			<border normal="0xffffffff" width="1" inner="0xffffffff"/>
			<font face="微软雅黑,tahoma,宋体" color="0x00ffffff" size="10" bold="1" italic="0" underline="0"/>
		</button_payinsure_white_10_bold>
		<button_payinsure_gray_10_bold>
			<canvas normal="0xffffffff" shine="0xffffffff"/>
			<border normal="0xffffffff" width="1" inner="0xffffffff"/>
			<font face="微软雅黑,tahoma,宋体" color="0x00555555" size="10" bold="1" italic="0" underline="0"/>
		</button_payinsure_gray_10_bold>
	</button>
	<picture>
		<payinsure_default>
			<canvas normal="0xffffffff"/>
			<border normal="0xff1f1f1f" width="1" inner="0xf1f0f0f0" shine="0xff4634ff"/>
		</payinsure_default>
	</picture>
	<combobox>
		<payinsure_default>
			<canvas normal="0x0000ff00" hot="0x00ffffff" selected="0x00ffffff">
				<dropbox normal="0x0000dee5" hot="0x00e5eddc" selected="0x00000000"/>
				<triangle normal="0xffffffff"/>
			</canvas>
			<border normal="0xffffffff" width="1" inner="0xffffffff">
				<drop_border normal="0x00000000" hot="0xffcdcdcd" selected="0xffccdee5"/>
			</border>
			<font face="微软雅黑,tahoma,宋体" color="0x00b5e513" size="9" bold="0" italic="0" underline="0"/>
		</payinsure_default>
	</combobox>
	<text>
		<payinsure_default>
			<canvas normal="0xf1fafbfa"/>
			<border width="1" outer="0xffe1e1e1" normal="0xffe1e1e1"/>
			<font face="微软雅黑,tahoma,宋体" color="0x00808080" size="9" bold="0" italic="0" underline="0"/>
			<vscroll_theme scrollbar_theme="realpro_default"/>
			<hscroll_theme scrollbar_theme="realpro_default"/>
		</payinsure_default>
		<payinsure_claim>
			<canvas normal="0xf1fafbfa"/>
			<border width="1" outer="0x005ac600" normal="0xffe1e1e1"/>
			<font face="微软雅黑,tahoma,宋体" color="0x000a0a0a" size="9" bold="0" italic="0" underline="0"/>
			<vscroll_theme scrollbar_theme="realpro_default"/>
			<hscroll_theme scrollbar_theme="realpro_default"/>
		</payinsure_claim>
		<payinsure_error>
			<canvas normal="0xf1fafbfa"/>
			<border width="1" outer="0x00ed1b23" normal="0x00ed1b23"/>
			<font face="微软雅黑,tahoma,宋体" color="0x000a0a0a" size="9" bold="0" italic="0" underline="0"/>
			<vscroll_theme scrollbar_theme="realpro_default"/>
			<hscroll_theme scrollbar_theme="realpro_default"/>
		</payinsure_error>	
	</text>
	<progress>
		<payinsure_default>
			<canvas normal="0xffffffff" block_begin_color="0xff00ff00" block_end_color="0xffffff00" caption_color="0xff000000" non_block_begin_color="0xcdcdcdcd" non_block_end_color="0xcdcdcdcd"/>
			<border normal="0xfffcd208" width="1"/>
			<font face="微软雅黑,tahoma,宋体" color="0x00b5e513" size="9" bold="0" italic="0" underline="0"/>
		</payinsure_default>
	</progress>
	<tabpage>
		<payinsure_default>
			<canvas normal="0xffffffff" hot="0xffffffff" selected="0xf1ffffff" tab_focus="0xffffa500" radius="0" overlap="0" tab_focus_height="4"/>
			<border normal="0xff262626" width="0" hot="0xff808080" selected="0xff808080"/>
			<font face="微软雅黑,tahoma,宋体" color="0x00b5e513" size="9" bold="1" italic="0" underline="0"/>
		</payinsure_default>
	</tabpage>
	<static>
		<payinsure_default>
			<canvas normal="0xff5e5e5e"/>
			<border normal="0xff400040" width="1"/>
			<font face="微软雅黑,tahoma,宋体" color="0x00474747" size="9" bold="0" italic="0" underline="0"/>
			<caption normal="0xff474747" hot="0xff474747" selected="0xff474747" link_color="0xff474747"/>
		</payinsure_default>
		<static_payinsure_9_gray>
			<canvas normal="0x00fff0c6"/>
			<border normal="0xff400040" width="1"/>
			<font face="微软雅黑,tahoma,宋体" color="0x00808080" size="9" bold="0" italic="0" underline="0"/>
			<caption normal="0xff808080" hot="0xff808080" selected="0xff808080" link_color="0xff808080"/>
		</static_payinsure_9_gray>
		<static_payinsure_9_blue>
			<canvas normal="0xff2294e5"/>
			<border normal="0xff2294e5" width="1"/>
			<font face="微软雅黑,tahoma,宋体" color="0xff2294e5" size="9" bold="0" italic="0" underline="0"/>
			<caption normal="0xff2294e5" hot="0xff5dbcff" selected="0xff2294e5" link_color="0xff2294e5"/>
		</static_payinsure_9_blue>
		<static_payinsure_9_org>
			<canvas normal="0xffff7200"/>
			<border normal="0xffff7200" width="1"/>
			<font face="微软雅黑,tahoma,宋体" color="0xffff7200" size="9" bold="0" italic="0" underline="0"/>
			<caption normal="0xffff7200" hot="0xffff7200" selected="0xffff7200" link_color="0xffff7200"/>
		</static_payinsure_9_org>
		<static_payinsure_10_gray>
			<canvas normal="0x00fff0c6"/>
			<border normal="0xff400040" width="1"/>
			<font face="微软雅黑,tahoma,宋体" color="0x00808080" size="10" bold="0" italic="0" underline="0"/>
			<caption normal="0xff808080" hot="0xff808080" selected="0xff808080" link_color="0xff808080"/>
		</static_payinsure_10_gray>
		<static_payinsure_10_deepgray>
			<canvas normal="0x00fff0c6"/>
			<border normal="0xff400040" width="1"/>
			<font face="微软雅黑,tahoma,宋体" color="0x00444444" size="10" bold="0" italic="0" underline="0"/>
			<caption normal="0xff444444" hot="0xff444444" selected="0xff444444" link_color="0xff444444"/>
		</static_payinsure_10_deepgray>
		<static_payinsure_bold_10_white>
			<canvas normal="0x00fff0c6"/>
			<border normal="0xff400040" width="1"/>
			<font face="微软雅黑,tahoma,宋体" color="0x00ffffff" size="10" bold="1" italic="0" underline="0"/>
			<caption normal="0xffffffff" hot="0xffffffff" selected="0xffffffff" link_color="0xffffffff"/>
		</static_payinsure_bold_10_white>
		<static_payinsure_11_green>
			<canvas normal="0x00ffffff"/>
			<border normal="0xff76c224" width="1"/>
			<font face="微软雅黑,tahoma,宋体" color="0x0076c224" size="11" bold="0" italic="0" underline="0"/>
			<caption normal="0xff76c224" hot="0xff76c224" selected="0xff76c224" link_color="0xff76c224"/>
		</static_payinsure_11_green>
		<static_payinsure_10_org>
			<canvas normal="0x00ffffff"/>
			<border normal="0xffeb6100" width="1"/>
			<font face="微软雅黑,tahoma,宋体" color="0x00eb6100" size="10" bold="0" italic="0" underline="0"/>
			<caption normal="0xffeb6100" hot="0xffeb6100" selected="0xffeb6100" link_color="0xffeb6100"/>
		</static_payinsure_10_org>
		<static_payinsure_14_green>
			<canvas normal="0xff76c224"/>
			<border normal="0xff76c224" width="1"/>
			<font face="微软雅黑,tahoma,宋体" color="0xff76c224" size="14" bold="0" italic="0" underline="0"/>
			<caption normal="0xff76c224" hot="0xff76c224" selected="0xff76c224" link_color="0xff76c224"/>
		</static_payinsure_14_green>
		<static_payinsure_order_gray>
			<canvas normal="0x00fff0c6"/>
			<border normal="0xff400040" width="1"/>
			<font face="微软雅黑,tahoma,宋体" color="0x0076c224" size="11" bold="0" italic="0" underline="0"/>
			<caption normal="0x383838" hot="0x383838" selected="0x383838" link_color="0x383838"/>
		</static_payinsure_order_gray>
		<static_payinsure_order_gray_bold>
			<canvas normal="0x00fff0c6"/>
			<border normal="0xff400040" width="1"/>
			<font face="微软雅黑,tahoma,宋体" color="0x0076c224" size="11" bold="1" italic="0" underline="0"/>
			<caption normal="0x383838" hot="0x383838" selected="0x383838" link_color="0x383838"/>
		</static_payinsure_order_gray_bold>
		<static_payinsure_order_blue>
			<canvas normal="0x00fff0c6"/>
			<border normal="0xff2294e5" width="1"/>
			<font face="微软雅黑,tahoma,宋体" color="0xff2294e5" size="11" bold="0" italic="0" underline="0"/>
			<caption normal="0xff2294e5" hot="0xff2294e5" selected="0xff2294e5" link_color="0xff2294e5"/>
		</static_payinsure_order_blue>
		<static_payinsure_14_green_bold>
			<canvas normal="0xff76c224"/>
			<border normal="0xff76c224" width="1"/>
			<font face="微软雅黑,tahoma,宋体" color="0xff76c224" size="14" bold="1" italic="0" underline="0"/>
			<caption normal="0xff76c224" hot="0xff76c224" selected="0xff76c224" link_color="0xff76c224"/>
		</static_payinsure_14_green_bold>
		<static_payinsure_14_org_bold>
			<canvas normal="0xffeb6100"/>
			<border normal="0xffeb6100" width="1"/>
			<font face="微软雅黑,tahoma,宋体" color="0xffeb6100" size="14" bold="1" italic="0" underline="0"/>
			<caption normal="0xFF840B" hot="0xFF840B" selected="0xFF840B" link_color="0xFF840B"/>
		</static_payinsure_14_org_bold>
		<static_payinsure_bold_9_white>
			<canvas normal="0x00fff0c6"/>
			<border normal="0xff400040" width="1"/>
			<font face="微软雅黑,tahoma,宋体" color="0x00ffffff" size="9" bold="1" italic="0" underline="0"/>
			<caption normal="0xffffffff" hot="0xffffffff" selected="0xffffffff" link_color="0xffffffff"/>
		</static_payinsure_bold_9_white>
		<static_payinsure_bold_24_white>
			<canvas normal="0x00fff0c6"/>
			<border normal="0xff400040" width="1"/>
			<font face="微软雅黑,tahoma,宋体" color="0x00ffffff" size="16" bold="1" italic="0" underline="0"/>
			<caption normal="0xffffffff" hot="0xffffffff" selected="0xffffffff" link_color="0xffffffff"/>
		</static_payinsure_bold_24_white>
		<payinsure_menu_text>
			<canvas normal="0xff5e5e5e"/>
			<border normal="0xff400040" width="1"/>
			<font face="微软雅黑,tahoma,宋体" color="0xff333333" size="9" bold="0" italic="0" underline="0"/>
			<caption normal="0xff333333" hot="0xff333333" selected="0xff333333" link_color="0xff333333"/>
		</payinsure_menu_text>
		<static_payinsure_9_white>
			<canvas normal="0x00fff0c6"/>
			<border normal="0xff400040" width="1"/>
			<font face="微软雅黑,tahoma,宋体" color="0x00ffffff" size="9" bold="0" italic="0" underline="0"/>
			<caption normal="0xffffffff" hot="0xffffffff" selected="0xffffffff" link_color="0xffffffff"/>
		</static_payinsure_9_white>
		<static_payinsure_9_green>
			<canvas normal="0x00fff0c6"/>
			<border normal="0xff400040" width="1"/>
			<font face="微软雅黑,tahoma,宋体" color="0x00ffffff" size="9" bold="0" italic="0" underline="0"/>
			<caption normal="0xff56ad02" hot="0xff56ad02" selected="0xff56ad02" link_color="0xff56ad02"/>
		</static_payinsure_9_green>
		<static_payinsure_10_black_bold>
			<canvas normal="0x00fff0c6"/>
			<border normal="0xff400040" width="1"/>
			<font face="微软雅黑,tahoma,宋体" color="0x00292421" size="10" bold="1" italic="0" underline="0"/>
			<caption normal="0x00292421" hot="0x00292421" selected="0x00292421" link_color="0x00292421"/>
		</static_payinsure_10_black_bold>
		<static_payinsure_16_org>
			<canvas normal="0xffff7200"/>
			<border normal="0xffff7200" width="1"/>
			<font face="微软雅黑,tahoma,宋体" color="0xffff7200" size="16" bold="0" italic="0" underline="0"/>
			<caption normal="0xffff7200" hot="0xffff7200" selected="0xffff7200" link_color="0xffff7200"/>
		</static_payinsure_16_org>
		<static_payinsure_16_blue>
			<canvas normal="0xff2294e5"/>
			<border normal="0xff2294e5" width="1"/>
			<font face="微软雅黑,tahoma,宋体" color="0xff2294e5" size="16" bold="0" italic="0" underline="0"/>
			<caption normal="0xff2294e5" hot="0xff2294e5" selected="0xff2294e5" link_color="0xff2294e5"/>
		</static_payinsure_16_blue>
		<static_payinsure_18_gray>
			<canvas normal="0x007d7d7d"/>
			<border normal="0x007d7d7d" width="1"/>
			<font face="微软雅黑,tahoma,宋体" color="0x007d7d7d" size="18" bold="0" italic="0" underline="0"/>
			<caption normal="0x007d7d7d" hot="0x007d7d7d" selected="0x007d7d7d" link_color="0x007d7d7d"/>
		</static_payinsure_18_gray>
		<static_payinsure_14_gray_bold>
			<canvas normal="0x00a1a1a1"/>
			<border normal="0x00a1a1a1" width="1"/>
			<font face="微软雅黑,tahoma,宋体" color="0x00a1a1a1" size="14" bold="1" italic="0" underline="0"/>
			<caption normal="0x00a1a1a1" hot="0x00a1a1a1" selected="0x00a1a1a1" link_color="0x00a1a1a1"/>
		</static_payinsure_14_gray_bold>
		<static_payinsure_9_blue_normal>
			<canvas normal="0xff2294e5"/>
			<border normal="0xff2294e5" width="1"/>
			<font face="微软雅黑,tahoma,宋体" color="0xff2294e5" size="9" bold="0" italic="0" underline="0"/>
			<caption normal="0xff2294e5" hot="0xff2294e5" selected="0xff2294e5" link_color="0xff2294e5"/>
		</static_payinsure_9_blue_normal>
		<static_payinsure_14_blue>
			<canvas normal="0x00fff0c6"/>
			<border normal="0xff2294e5" width="1"/>
			<font face="微软雅黑,tahoma,宋体" color="0xff2294e5" size="14" bold="0" italic="0" underline="0"/>
			<caption normal="0xff2294e5" hot="0xff2294e5" selected="0xff2294e5" link_color="0xff2294e5"/>
		</static_payinsure_14_blue>
		<static_payinsure_claim_form>
			<canvas normal="0x000a0a0a"/>
			<border normal="0xff2294e5" width="1"/>
			<font face="微软雅黑,tahoma,宋体" color="0x000a0a0a" size="9" bold="0" italic="0" underline="0"/>
			<caption normal="0x000a0a0a" hot="0x000a0a0a" selected="0x000a0a0a" link_color="0x000a0a0a"/>
		</static_payinsure_claim_form>
		<static_payinsure_9_red>
			<canvas normal="0xffff7200"/>
			<border normal="0xffed1b23" width="1"/>
			<font face="微软雅黑,tahoma,宋体" color="0xffed1b23" size="9" bold="0" italic="0" underline="0"/>
			<caption normal="0xffed1b23" hot="0xffed1b23" selected="0xffed1b23" link_color="0xffed1b23"/>
		</static_payinsure_9_red>
	</static>
	<scrollbar>
		<realpro_default>
			<canvas normal="0xffffffff" shine="0xffdbe7ee" hot="0xffe4e7ed" selected="0xffdbe7ee">
				<arrow normal="0x00e7e7e7" arrow_size="12"/>
				<track normal="0xffe4e7ed" background="0x00ffffff" shine="0xdfffffff" background_size="6" line="0x00a3adbb"/>
			</canvas>
			<border normal="0x00c9c9c9" width="1" inner="0x00b5b4b3" hot="0x00c9c9c9" selected="0x00c9c9c9">
				<track normal="0xffbac3cc" hot="0xffbac3cc" selected="0xffbac3cc"/>
				<arrow normal="0x00780045">
					<triangle normal="0x0b00000b" hot="0x00004b4d" selected="0x042b0720"/>
				</arrow>
			</border>
			<scroll_images arrow_ul="" arrow_dr="" scroll_bg="IDI_SCROLLBAR_BG" thumb_ul="IDI_SCROLLBAR_THUMB_UP" thumb_dr="IDI_SCROLLBAR_THUMB_DOWN" thumb_bg="IDI_SCROLLBAR_THUMB" thumb_center="IDI_SCROLLBAR_THUMB_CENTER"/>
		</realpro_default>
		<state_list> 
			<canvas normal="0xffffffff" shine="0xffffffff" hot="0xffffffff" selected="0xffffffff"> 
				<arrow normal="0x00e7e7e7" arrow_size="12"/>  
				<track normal="0xffe4e7ed" background="0x00ffffff" shine="0xdfffffff" background_size="6" line="0x00a3adbb"/> 
			</canvas>  
			<border normal="0x00000000" width="1" inner="0x00b5b4b3" hot="0x00c9c9c9" selected="0x00c9c9c9"> 
				<track normal="0xffbac3cc" hot="0xffbac3cc" selected="0xffbac3cc"/>  
				<arrow normal="0x00780045"> 
					<triangle normal="0x0b00000b" hot="0x00004b4d" selected="0x042b0720"/> 
				</arrow> 
			</border>  
			<scroll_images arrow_ul="" arrow_dr="" scroll_bg="IDI_SCROLLBAR_BG2" thumb_ul="IDI_SCROLLBAR_THUMB_UP2" thumb_dr="IDI_SCROLLBAR_THUMB_UP2" thumb_bg="IDI_SCROLLBAR_THUMB2" thumb_center="IDI_SCROLLBAR_THUMB_CENTER2"/>
		</state_list> 
	</scrollbar>
	<rich_list>
		<payinsure_default>
			<canvas normal="0xffffffff"/>
			<border normal="0x00e1e1e1" width="1" gridline="0xffe1e1e1"/>
			<select outer="0xffe0e5eb" inner="0xffe0e5eb" start="0xffe0e5eb" end="0xffe0e5eb"/>
			<hover outer="0xffe0e5eb" inner="0xffe0e5eb" start="0xffe0e5eb" end="0xffe0e5eb"/>
			<sub_select start="0x00000000" end="0x00000000"/>
			<vscroll_theme scrollbar_theme="realpro_default"/>
			<hscroll_theme scrollbar_theme="realpro_default"/>
		</payinsure_default>
		<richlist_payinsure_menu>
			<canvas normal="0xffffffff"/>
			<border normal="0x00e1e1e1" width="0"/>
			<select outer="0xffffffff" inner="0xffffffff" start="0xffffffff" end="0xffffffff"/>
			<hover outer="0xffffffff" inner="0xffffffff" start="0xffffffff" end="0xffffffff"/>
			<sub_select start="0xffffffff" end="0xffffffff"/>
			<vscroll_theme scrollbar_theme="realpro_default"/>
			<hscroll_theme scrollbar_theme="realpro_default"/>
		</richlist_payinsure_menu>
		<richlist_trade> 
		  <canvas normal="0xffffffff"/>  
		  <border normal="0xffffffff" width="1" gridline="0xffffffff"/>  
		  <select outer="0xffffffff" inner="0xffffffff" start="0xffffffff" end="0xffffffff"/>  
		  <hover outer="0xffffffff" inner="0xffffffff" start="0xffffffff" end="0xffffffff"/>	  
		  <sub_select start="0x00000000" end="0x00000000"/>  
		  <vscroll_theme scrollbar_theme="state_list"/>  
		  <hscroll_theme scrollbar_theme="state_list"/>  
		</richlist_trade>
	</rich_list>
	<panel>
		<payinsure_default>
			<canvas normal="0xffffffff" radius="0" angle="90">
				<stop color="0xecffffff" hover="0x00ffffff" select="0x00ffffff" offset="0.2"/>
				<stop color="0x00ffffff" hover="0x00ffffff" select="0x00ffffff" offset="0.0"/>
				<stop color="0x00ffffff" hover="0x00ffffff" select="0x00ffffff" offset="1.0"/>
			</canvas>
			<border normal="0xffdcdcdc" width="0" inner="0x00dcdcdc" hot="0xffdcdcdc" selected="0xffdcdcdc"/>
			<vscroll_theme scrollbar_theme="realpro_default"/>
			<hscroll_theme scrollbar_theme="realpro_default"/>
		</payinsure_default>
		<panel_realpro_listhearer_top_line_gray3> 
			<canvas normal="0xffffffff" radius="0" angle="90"/>  
			<border normal="0xffD7DBE0" width="1" inner="0xffD7DBE0" hot="0xffD7DBE0" selected="0xffD7DBE0"/>  
			<vscroll_theme scrollbar_theme=""/> 
		</panel_realpro_listhearer_top_line_gray3> 
		<panel_realpro_log_bottom_bk> 
			<canvas normal="0x00ffffff" radius="0" angle="90"> 
			<stop color="0xfff8f9f8" hover="0xfff8f9f8" select="0xfff8f9f8" offset="0.0"/>  
			<stop color="0xffe1e2e1" hover="0xffe1e2e1" select="0xffe1e2e1" offset="1.0"/> 
			</canvas>  
			<border normal="0xff000000" width="1" inner="0xcdcdcdcd" hot="0xcdcdcdcd" selected="0xcdcdcdcd"/>  
			<vscroll_theme scrollbar_theme=""/> 
		</panel_realpro_log_bottom_bk> 
		<panel_realpro_listhearer_top_line_white2> 
			<canvas normal="0xffffffff" radius="0" angle="90"/>  
			<border normal="0xffF2F4F6" width="1" inner="0xffF2F4F6" hot="0xffF2F4F6" selected="0xffF2F4F6"/>  
			<vscroll_theme scrollbar_theme=""/> 
		</panel_realpro_listhearer_top_line_white2> 
	</panel>
	<slider>
		<payinsure_default>
			<canvas normal="0xff8f8f8f" end="0xff7294a5">
				<thumb start="0x9ffffff" end="0xffdcdcdc" radius="1"/>
				<elapsed start="0xff013857" end="0x1"/>
			</canvas>
			<border normal="0xff808080" width="1" thumb="0x1"/>
		</payinsure_default>
	</slider>
	<splitter>
		<payinsure_default>
			<canvas normal="0xdeffffff"/>
			<border normal="0xff" width="1" thumb="0x1"/>
		</payinsure_default>
	</splitter>
	<spin>
		<payinsure_default>
			<canvas normal="0x00ffffff"/>
			<border width="1" normal="0xff000000"/>
			<font face="微软雅黑,tahoma,宋体" color="0x00000000" size="9" bold="0" italic="0" underline="0"/>
		</payinsure_default>
	</spin>
</themes>
