<?xml version="1.0"?>
<themes>
	<window>
		<window_default_nosysbtn icon_point="4,4" show_icon="0">
			<canvas normal="0xff54ae04" image="" fill="0"/>
			<border normal="0xff638c39" width="0" inner="0xffffffff"/>
			<font face="微软雅黑,tahoma,宋体" color="0x00b5e513" size="9" bold="0" italic="0" underline="0"/>
			<shadow border="5,3,5,7" image="./RouterSafeTpi/images/window_shadow.png"/>
			<caption height="1000" color="0xffffffff"/>
			<system_button offset_pos="6" cap="1" top="0">
				<close width="0" height="0" image=""/>  
				<min width="0" height="0" image=""/>  
			</system_button>
		</window_default_nosysbtn>
		<infotip_wnd icon_point="4,4">
			<canvas normal="0x00000000" image="" fill="0"/>
			<border normal="0xff638c39" width="0" inner="0xffffffff"/>
			<font face="微软雅黑,tahoma,宋体" color="0x00b5e513" size="9" bold="0" italic="0" underline="0"/>
			<shadow border="0,0,0,0" image=""/>
			<caption height="1000" color="0xffffffff"/>
			<system_button offset_pos="6" cap="1" top="0">
				<close width="0" height="0" image=""/>  
				<min width="0" height="0" image=""/>  
			</system_button>
		</infotip_wnd>
	</window>
	<button>
		<button_default>
			<canvas normal="0xff808080" shine="0xffebecee"/>
			<border normal="0xffb1b8bb" width="0" inner="0xff000000"/>
			<font face="微软雅黑,tahoma,宋体" color="0x00000000" size="9" bold="0" italic="0" underline="0"/>
		</button_default>
		<button_mid_big>
			<canvas normal="0xff808080" shine="0xffebecee"/>
			<border normal="0xffb1b8bb" width="0" inner="0xff000000"/>
			<font face="微软雅黑,tahoma,宋体" color="0x00666666" size="11" bold="0" italic="0" underline="0"/>
		</button_mid_big>
		<button_mid_big_white>
			<canvas normal="0xff808080" shine="0xffebecee"/>
			<border normal="0xffb1b8bb" width="0" inner="0xff000000"/>
			<font face="微软雅黑,tahoma,宋体" color="0x00ffffff" size="11" bold="0" italic="0" underline="0"/>
		</button_mid_big_white>
	</button>
	<picture>
		<pic_default>
			<canvas normal="0xffffffff"/>
			<border normal="0xff1f1f1f" width="1" inner="0xf1f0f0f0" shine="0xff4634ff"/>
		</pic_default>
	</picture>
	<text>
		<text_default>
			<canvas normal="0xf1fafbfa"/>
			<border width="1" outer="0xffe1e1e1" normal="0xffe1e1e1"/>
			<font face="微软雅黑,tahoma,宋体" color="0xff474747" size="10" bold="0" italic="0" underline="0"/>
			<vscroll_theme scrollbar_theme="scroll_default"/>
			<hscroll_theme scrollbar_theme="scroll_default"/>
		</text_default>
		<text_wizard>
			<canvas normal="0xf1fafbfa"/>
			<border width="1" outer="0xffe1e1e1" normal="0xffe1e1e1"/>
			<font face="微软雅黑,tahoma,宋体" color="0xff474747" size="13" bold="0" italic="0" underline="0"/>
			<vscroll_theme scrollbar_theme="scroll_default"/>
			<hscroll_theme scrollbar_theme="scroll_default"/>
		</text_wizard>
	</text>
	<static>
		<static_default>
			<canvas normal="0x0000ff00"/>
			<border normal="0x004d4d4d" width="1"/>
			<font face="微软雅黑,tahoma,宋体" color="0x004d4d4d" size="9" bold="0" italic="0" underline="0"/>
			<caption normal="0x004d4d4d" hot="0x004d4d4d" selected="0x004d4d4d" link_color="0x004d4d4d"/>
		</static_default>
		<static_link>
			<canvas normal="0x0000ff00"/>
			<border normal="0xff117feb" width="1"/>
			<font face="微软雅黑,tahoma,宋体" color="0x00474747" size="9" bold="0" italic="0" underline="0"/>
			<caption normal="0xff117feb" hot="0xff117feb" selected="0xff117feb" link_color="0xff117feb"/>
		</static_link>
		<static_mid_title>
			<canvas normal="0x0000ff00"/>
			<border normal="0xff117feb" width="1"/>
			<font face="微软雅黑,tahoma,宋体" color="0x004d4d4d" size="14" bold="0" italic="0" underline="0"/>
			<caption normal="0x004d4d4d" hot="0x004d4d4d" selected="0x004d4d4d" link_color="0x004d4d4d"/>
		</static_mid_title>
		<static_mid_title_warning>
			<canvas normal="0x0000ff00"/>
			<border normal="0xffff6515" width="1"/>
			<font face="微软雅黑,tahoma,宋体" color="0xffff6515" size="14" bold="0" italic="0" underline="0"/>
			<caption normal="0xffff6515" hot="0xffff6515" selected="0xffff6515" link_color="0xffff6515"/>
		</static_mid_title_warning>
	</static>
	<panel>
		<panel_default>
			<canvas normal="0xffffffff" radius="0" angle="0"> 
				<stop color="0xffffffff" hover="0xffffffff" select="0xffffffff" offset="0.0"/>  
				<stop color="0xffffffff" hover="0xffffffff" select="0xffffffff" offset="1.0"/> 
			</canvas>
			<border normal="0xffdcdcdc" width="0" inner="0x00dcdcdc" hot="0xffdcdcdc" selected="0xffdcdcdc"/>
			<vscroll_theme scrollbar_theme="scroll_default"/>
			<hscroll_theme scrollbar_theme="scroll_default"/>
		</panel_default>
		<panel_blue>
			<canvas normal="0xff0a61bb" radius="0" angle="0"> 
				<stop color="0xff0a61bb" hover="0xff0a61bb" select="0xff0a61bb" offset="0.0"/>  
				<stop color="0xff0a61bb" hover="0xff0a61bb" select="0xff0a61bb" offset="1.0"/> 
			</canvas>
			<border normal="0xffdcdcdc" width="0" inner="0x00dcdcdc" hot="0xffdcdcdc" selected="0xffdcdcdc"/>
			<vscroll_theme scrollbar_theme="scroll_default"/>
			<hscroll_theme scrollbar_theme="scroll_default"/>
		</panel_blue>
	</panel>
</themes>
